{
  "epoch": 6,
  "threshold": 0.05,
  "val": {
    "AUC": 0.9978164256171809,
    "F1": 0.9845890410958904,
    "Accuracy": 0.9769820971867008,
    "Precision": 0.979557069846678,
    "Recall": 0.9896729776247849,
    "Specificity": 0.9402985074580085,
    "TP": 575,
    "TN": 189,
    "FP": 12,
    "FN": 6,
    "Threshold": 0.05
  }
}