{
  "train_loss": [
    0.17991876835402573,
    0.057777712923963165,
    0.04112901697359579,
    0.04283593491897706,
    0.042285284450060086,
    0.03840469577873565,
    0.02231717698373082,
    0.01909473914284493,
    0.017327011288478186,
    0.021838612701570767,
    0.02569074053199948,
    0.020954785971064982
  ],
  "val_auc": [
    0.9902595456452675,
    0.9970286262320068,
    0.9973026434094587,
    0.9958126750070646,
    0.997666572473262,
    0.9978164256171809,
    0.9977136691756365,
    0.9977950180251924,
    0.9968958991616788,
    0.9973154879646517,
    0.996810268793725,
    0.9977136691756364
  ],
  "val_f1": [
    0.973661852166525,
    0.9862068965517241,
    0.9863247863247864,
    0.9880341880341881,
    0.9853826311263972,
    0.9845890410958904,
    0.9870801033591732,
    0.9780509218612818,
    0.9862542955326461,
    0.9817549956559514,
    0.9829351535836177,
    0.9887250650477016
  ],
  "lr": [
    4.812902205477776e-05,
    9.764702983892402e-05,
    0.0001652545706824026,
    0.0002327937394145364,
    0.0002821249941167148,
    0.00029999998686168895,
    0.00029974256277197516,
    0.00029897846232525684,
    0.0002977102709955754,
    0.00029594227994095393,
    0.0002936804714834769,
    0.00029093249886700585
  ]
}